model_level,application_age_bucket,elapsed_lower_seconds,elapsed_upper_seconds,risk_set,ptp_events,censored,hazard
GLOBAL,,0,60,55199,5,14290,9.058135111143317e-05
GLOBAL,,60,300,40904,22023,9425,0.538407001760219
GLOBAL,,300,900,9456,1216,1348,0.12859560067681894
GLOBAL,,900,1800,6892,375,286,0.05441091120139292
GLOBAL,,1800,3600,6231,103,30,0.01653025196597657
GLOBAL,,3600,7200,6098,9,20,0.0014758937356510332
GLOBAL,,7200,21600,6069,0,16,0.0
GLOBAL,,21600,86400,6053,0,35,0.0
GLOBAL,,86400,259200,6018,0,43,0.0
GLOBAL,,259200,604800,5975,0,56,0.0
GLOBAL,,604800,1209600,5919,0,68,0.0
GLOBAL,,1209600,2592000,5851,0,5851,0.0
APPLICATION_AGE,AGE_LT_1D,0,60,54861,5,14214,9.113942509250652e-05
APPLICATION_AGE,AGE_LT_1D,60,300,40642,22023,9382,0.5418778603415186
APPLICATION_AGE,AGE_LT_1D,300,900,9237,1216,1342,0.1316444733138465
APPLICATION_AGE,AGE_LT_1D,900,1800,6679,375,284,0.05614612966012876
APPLICATION_AGE,AGE_LT_1D,1800,3600,6020,103,28,0.017109634551495015
APPLICATION_AGE,AGE_LT_1D,3600,7200,5889,9,18,0.0015282730514518594
APPLICATION_AGE,AGE_LT_1D,7200,21600,5862,0,9,0.0
APPLICATION_AGE,AGE_LT_1D,21600,86400,5853,0,20,0.0
APPLICATION_AGE,AGE_LT_1D,86400,259200,5833,0,25,0.0
APPLICATION_AGE,AGE_LT_1D,259200,604800,5808,0,37,0.0
APPLICATION_AGE,AGE_LT_1D,604800,1209600,5771,0,38,0.0
APPLICATION_AGE,AGE_LT_1D,1209600,2592000,5733,0,5733,0.0
