model_level,current_journey_substage,current_journey_stage,channel,time_bucket,count,denominator,probability,march_support,april_support,march_april_tv
GLOBAL,,,GRCS,AFTERNOON,41074,236561,0.17362963463969125,108783,127778,0.22034450368106362
GLOBAL,,,GRCS,EVENING,3878,236561,0.01639323472592693,108783,127778,0.22034450368106362
GLOBAL,,,GRCS,MORNING,49298,236561,0.20839445217089883,108783,127778,0.22034450368106362
GLOBAL,,,GRCS,NIGHT,1677,236561,0.007089080617684234,108783,127778,0.22034450368106362
GLOBAL,,,SMS,AFTERNOON,39292,236561,0.16609669387599815,108783,127778,0.22034450368106362
GLOBAL,,,SMS,EVENING,8825,236561,0.037305388462172545,108783,127778,0.22034450368106362
GLOBAL,,,SMS,MORNING,72206,236561,0.3052320543115729,108783,127778,0.22034450368106362
GLOBAL,,,SMS,NIGHT,870,236561,0.0036776983526447724,108783,127778,0.22034450368106362
GLOBAL,,,WA,AFTERNOON,10060,236561,0.042526029227133805,108783,127778,0.22034450368106362
GLOBAL,,,WA,EVENING,4164,236561,0.017602225218865324,108783,127778,0.22034450368106362
GLOBAL,,,WA,MORNING,4828,236561,0.02040911223743559,108783,127778,0.22034450368106362
GLOBAL,,,WA,NIGHT,389,236561,0.001644396159975651,108783,127778,0.22034450368106362
STAGE,,Acquisition,GRCS,AFTERNOON,281,2553,0.11006658832745789,649,1904,0.24292058888270254
STAGE,,Acquisition,GRCS,EVENING,52,2553,0.020368194281237758,649,1904,0.24292058888270254
STAGE,,Acquisition,GRCS,MORNING,453,2553,0.17743830787309048,649,1904,0.24292058888270254
STAGE,,Acquisition,GRCS,NIGHT,27,2553,0.010575793184488837,649,1904,0.24292058888270254
STAGE,,Acquisition,SMS,AFTERNOON,563,2553,0.22052487269878573,649,1904,0.24292058888270254
STAGE,,Acquisition,SMS,EVENING,139,2553,0.05444575009792401,649,1904,0.24292058888270254
STAGE,,Acquisition,SMS,MORNING,847,2553,0.33176654915785353,649,1904,0.24292058888270254
STAGE,,Acquisition,SMS,NIGHT,29,2553,0.01135918527222875,649,1904,0.24292058888270254
STAGE,,Acquisition,WA,AFTERNOON,67,2553,0.02624363493928711,649,1904,0.24292058888270254
STAGE,,Acquisition,WA,EVENING,24,2553,0.009400705052878966,649,1904,0.24292058888270254
STAGE,,Acquisition,WA,MORNING,69,2553,0.02702702702702703,649,1904,0.24292058888270254
STAGE,,Acquisition,WA,NIGHT,2,2553,0.0007833920877399138,649,1904,0.24292058888270254
STAGE,,Disbursed,GRCS,AFTERNOON,716,5887,0.12162391710548666,2783,3104,0.20121093735529785
STAGE,,Disbursed,GRCS,EVENING,115,5887,0.019534567691523695,2783,3104,0.20121093735529785
STAGE,,Disbursed,GRCS,MORNING,929,5887,0.15780533378630882,2783,3104,0.20121093735529785
STAGE,,Disbursed,GRCS,NIGHT,39,5887,0.0066247664345167314,2783,3104,0.20121093735529785
STAGE,,Disbursed,SMS,AFTERNOON,1587,5887,0.26957703414302703,2783,3104,0.20121093735529785
STAGE,,Disbursed,SMS,EVENING,375,5887,0.06369967725496857,2783,3104,0.20121093735529785
STAGE,,Disbursed,SMS,MORNING,1579,5887,0.268218107694921,2783,3104,0.20121093735529785
STAGE,,Disbursed,SMS,NIGHT,23,5887,0.003906913538304739,2783,3104,0.20121093735529785
STAGE,,Disbursed,WA,AFTERNOON,243,5887,0.041277390861219634,2783,3104,0.20121093735529785
STAGE,,Disbursed,WA,EVENING,128,5887,0.02174282316969594,2783,3104,0.20121093735529785
STAGE,,Disbursed,WA,MORNING,136,5887,0.023101749617801936,2783,3104,0.20121093735529785
STAGE,,Disbursed,WA,NIGHT,17,5887,0.002887718702225242,2783,3104,0.20121093735529785
STAGE,,Inprogress,GRCS,AFTERNOON,8973,54902,0.16343666897380787,25684,29218,0.23169405751366287
STAGE,,Inprogress,GRCS,EVENING,844,54902,0.015372846162252742,25684,29218,0.23169405751366287
STAGE,,Inprogress,GRCS,MORNING,10410,54902,0.18961057884958654,25684,29218,0.23169405751366287
STAGE,,Inprogress,GRCS,NIGHT,354,54902,0.006447852537248187,25684,29218,0.23169405751366287
STAGE,,Inprogress,SMS,AFTERNOON,9293,54902,0.16926523623911696,25684,29218,0.23169405751366287
STAGE,,Inprogress,SMS,EVENING,684,54902,0.012458562529598193,25684,29218,0.23169405751366287
STAGE,,Inprogress,SMS,MORNING,17047,54902,0.310498706786638,25684,29218,0.23169405751366287
STAGE,,Inprogress,SMS,NIGHT,154,54902,0.0028049979964300024,25684,29218,0.23169405751366287
STAGE,,Inprogress,WA,AFTERNOON,3702,54902,0.06742923755054461,25684,29218,0.23169405751366287
STAGE,,Inprogress,WA,EVENING,2355,54902,0.04289461221813413,25684,29218,0.23169405751366287
STAGE,,Inprogress,WA,MORNING,1024,54902,0.018651415248989108,25684,29218,0.23169405751366287
STAGE,,Inprogress,WA,NIGHT,62,54902,0.0011292849076536373,25684,29218,0.23169405751366287
STAGE,,Rejected,GRCS,AFTERNOON,773,4588,0.16848299912816042,2374,2214,0.24034766885158315
STAGE,,Rejected,GRCS,EVENING,76,4588,0.016564952048823016,2374,2214,0.24034766885158315
STAGE,,Rejected,GRCS,MORNING,862,4588,0.1878814298169137,2374,2214,0.24034766885158315
STAGE,,Rejected,GRCS,NIGHT,41,4588,0.008936355710549258,2374,2214,0.24034766885158315
STAGE,,Rejected,SMS,AFTERNOON,989,4588,0.21556233653007847,2374,2214,0.24034766885158315
STAGE,,Rejected,SMS,EVENING,217,4588,0.0472972972972973,2374,2214,0.24034766885158315
STAGE,,Rejected,SMS,MORNING,1249,4588,0.2722319093286835,2374,2214,0.24034766885158315
STAGE,,Rejected,SMS,NIGHT,21,4588,0.004577157802964254,2374,2214,0.24034766885158315
STAGE,,Rejected,WA,AFTERNOON,199,4588,0.04337401918047079,2374,2214,0.24034766885158315
STAGE,,Rejected,WA,EVENING,45,4588,0.00980819529206626,2374,2214,0.24034766885158315
STAGE,,Rejected,WA,MORNING,107,4588,0.023321708805579773,2374,2214,0.24034766885158315
STAGE,,Rejected,WA,NIGHT,9,4588,0.001961639058413252,2374,2214,0.24034766885158315
STATE,AIP Approved,,GRCS,AFTERNOON,763,4198,0.18175321581705575,1608,2590,0.24884650108530704
STATE,AIP Approved,,GRCS,EVENING,137,4198,0.03263458789899952,1608,2590,0.24884650108530704
STATE,AIP Approved,,GRCS,MORNING,971,4198,0.23130061934254406,1608,2590,0.24884650108530704
STATE,AIP Approved,,GRCS,NIGHT,53,4198,0.0126250595521677,1608,2590,0.24884650108530704
STATE,AIP Approved,,SMS,AFTERNOON,624,4198,0.14864221057646498,1608,2590,0.24884650108530704
STATE,AIP Approved,,SMS,EVENING,209,4198,0.04978561219628395,1608,2590,0.24884650108530704
STATE,AIP Approved,,SMS,MORNING,1119,4198,0.26655550262029537,1608,2590,0.24884650108530704
STATE,AIP Approved,,SMS,NIGHT,40,4198,0.009528346831824679,1608,2590,0.24884650108530704
STATE,AIP Approved,,WA,AFTERNOON,151,4198,0.03596950929013816,1608,2590,0.24884650108530704
STATE,AIP Approved,,WA,EVENING,22,4198,0.005240590757503573,1608,2590,0.24884650108530704
STATE,AIP Approved,,WA,MORNING,106,4198,0.0252501191043354,1608,2590,0.24884650108530704
STATE,AIP Approved,,WA,NIGHT,3,4198,0.0007146260123868509,1608,2590,0.24884650108530704
STATE,Application OTP Verification,,GRCS,AFTERNOON,281,2533,0.11093564942755625,632,1901,0.2394775567822399
STATE,Application OTP Verification,,GRCS,EVENING,52,2533,0.020529016975917885,632,1901,0.2394775567822399
STATE,Application OTP Verification,,GRCS,MORNING,449,2533,0.17726016581129095,632,1901,0.2394775567822399
STATE,Application OTP Verification,,GRCS,NIGHT,23,2533,0.009080142123963679,632,1901,0.2394775567822399
STATE,Application OTP Verification,,SMS,AFTERNOON,557,2533,0.2198973549151204,632,1901,0.2394775567822399
STATE,Application OTP Verification,,SMS,EVENING,137,2533,0.05408606395578366,632,1901,0.2394775567822399
STATE,Application OTP Verification,,SMS,MORNING,846,2533,0.33399131464666404,632,1901,0.2394775567822399
STATE,Application OTP Verification,,SMS,NIGHT,29,2533,0.011448874851954205,632,1901,0.2394775567822399
STATE,Application OTP Verification,,WA,AFTERNOON,66,2533,0.026056060007895777,632,1901,0.2394775567822399
STATE,Application OTP Verification,,WA,EVENING,24,2533,0.0094749309119621,632,1901,0.2394775567822399
STATE,Application OTP Verification,,WA,MORNING,67,2533,0.026450848795894197,632,1901,0.2394775567822399
STATE,Application OTP Verification,,WA,NIGHT,2,2533,0.0007895775759968417,632,1901,0.2394775567822399
STATE,Application Resume,,GRCS,AFTERNOON,262,1573,0.16656071201525746,644,929,0.21869505044494514
STATE,Application Resume,,GRCS,EVENING,56,1573,0.03560076287349015,644,929,0.21869505044494514
STATE,Application Resume,,GRCS,MORNING,264,1573,0.16783216783216784,644,929,0.21869505044494514
STATE,Application Resume,,GRCS,NIGHT,22,1573,0.013986013986013986,644,929,0.21869505044494514
STATE,Application Resume,,SMS,AFTERNOON,326,1573,0.20724729815638906,644,929,0.21869505044494514
STATE,Application Resume,,SMS,EVENING,85,1573,0.0540368722186904,644,929,0.21869505044494514
STATE,Application Resume,,SMS,MORNING,401,1573,0.25492689129052765,644,929,0.21869505044494514
STATE,Application Resume,,SMS,NIGHT,16,1573,0.010171646535282899,644,929,0.21869505044494514
STATE,Application Resume,,WA,AFTERNOON,81,1573,0.05149396058486968,644,929,0.21869505044494514
STATE,Application Resume,,WA,EVENING,31,1573,0.019707565162110616,644,929,0.21869505044494514
STATE,Application Resume,,WA,MORNING,28,1573,0.017800381436745075,644,929,0.21869505044494514
STATE,Application Resume,,WA,NIGHT,1,1573,0.0006357279084551812,644,929,0.21869505044494514
STATE,Disb,,GRCS,AFTERNOON,824,6176,0.133419689119171,2730,3446,0.19994238688376817
STATE,Disb,,GRCS,EVENING,120,6176,0.019430051813471502,2730,3446,0.19994238688376817
STATE,Disb,,GRCS,MORNING,1003,6176,0.16240284974093264,2730,3446,0.19994238688376817
STATE,Disb,,GRCS,NIGHT,42,6176,0.006800518134715026,2730,3446,0.19994238688376817
STATE,Disb,,SMS,AFTERNOON,1564,6176,0.25323834196891193,2730,3446,0.19994238688376817
STATE,Disb,,SMS,EVENING,396,6176,0.06411917098445596,2730,3446,0.19994238688376817
STATE,Disb,,SMS,MORNING,1667,6176,0.2699158031088083,2730,3446,0.19994238688376817
STATE,Disb,,SMS,NIGHT,25,6176,0.004047927461139896,2730,3446,0.19994238688376817
STATE,Disb,,WA,AFTERNOON,260,6176,0.04209844559585492,2730,3446,0.19994238688376817
STATE,Disb,,WA,EVENING,120,6176,0.019430051813471502,2730,3446,0.19994238688376817
STATE,Disb,,WA,MORNING,138,6176,0.022344559585492228,2730,3446,0.19994238688376817
STATE,Disb,,WA,NIGHT,17,6176,0.0027525906735751293,2730,3446,0.19994238688376817
STATE,Form filled,,GRCS,AFTERNOON,119,682,0.1744868035190616,434,248,0.22638248847926268
STATE,Form filled,,GRCS,EVENING,11,682,0.016129032258064516,434,248,0.22638248847926268
STATE,Form filled,,GRCS,MORNING,139,682,0.20381231671554254,434,248,0.22638248847926268
STATE,Form filled,,GRCS,NIGHT,3,682,0.004398826979472141,434,248,0.22638248847926268
STATE,Form filled,,SMS,AFTERNOON,150,682,0.21994134897360704,434,248,0.22638248847926268
STATE,Form filled,,SMS,EVENING,21,682,0.030791788856304986,434,248,0.22638248847926268
STATE,Form filled,,SMS,MORNING,195,682,0.2859237536656892,434,248,0.22638248847926268
STATE,Form filled,,SMS,NIGHT,1,682,0.001466275659824047,434,248,0.22638248847926268
STATE,Form filled,,WA,AFTERNOON,23,682,0.03372434017595308,434,248,0.22638248847926268
STATE,Form filled,,WA,EVENING,6,682,0.008797653958944282,434,248,0.22638248847926268
STATE,Form filled,,WA,MORNING,13,682,0.01906158357771261,434,248,0.22638248847926268
STATE,Form filled,,WA,NIGHT,1,682,0.001466275659824047,434,248,0.22638248847926268
STATE,Form filled-Rejected,,GRCS,AFTERNOON,760,4520,0.168141592920354,2331,2189,0.24210165918708626
STATE,Form filled-Rejected,,GRCS,EVENING,75,4520,0.016592920353982302,2331,2189,0.24210165918708626
STATE,Form filled-Rejected,,GRCS,MORNING,854,4520,0.18893805309734513,2331,2189,0.24210165918708626
STATE,Form filled-Rejected,,GRCS,NIGHT,41,4520,0.009070796460176991,2331,2189,0.24210165918708626
STATE,Form filled-Rejected,,SMS,AFTERNOON,978,4520,0.2163716814159292,2331,2189,0.24210165918708626
STATE,Form filled-Rejected,,SMS,EVENING,216,4520,0.047787610619469026,2331,2189,0.24210165918708626
STATE,Form filled-Rejected,,SMS,MORNING,1225,4520,0.27101769911504425,2331,2189,0.24210165918708626
STATE,Form filled-Rejected,,SMS,NIGHT,21,4520,0.004646017699115044,2331,2189,0.24210165918708626
STATE,Form filled-Rejected,,WA,AFTERNOON,194,4520,0.04292035398230089,2331,2189,0.24210165918708626
STATE,Form filled-Rejected,,WA,EVENING,42,4520,0.009292035398230088,2331,2189,0.24210165918708626
STATE,Form filled-Rejected,,WA,MORNING,105,4520,0.023230088495575223,2331,2189,0.24210165918708626
STATE,Form filled-Rejected,,WA,NIGHT,9,4520,0.001991150442477876,2331,2189,0.24210165918708626
STATE,Journey Close,,GRCS,AFTERNOON,310,1886,0.16436903499469777,777,1109,0.22571147728947547
STATE,Journey Close,,GRCS,EVENING,28,1886,0.014846235418875928,777,1109,0.22571147728947547
STATE,Journey Close,,GRCS,MORNING,293,1886,0.15535524920466595,777,1109,0.22571147728947547
STATE,Journey Close,,GRCS,NIGHT,28,1886,0.014846235418875928,777,1109,0.22571147728947547
STATE,Journey Close,,SMS,AFTERNOON,422,1886,0.22375397667020147,777,1109,0.22571147728947547
STATE,Journey Close,,SMS,EVENING,96,1886,0.05090137857900318,777,1109,0.22571147728947547
STATE,Journey Close,,SMS,MORNING,512,1886,0.271474019088017,777,1109,0.22571147728947547
STATE,Journey Close,,SMS,NIGHT,9,1886,0.004772004241781549,777,1109,0.22571147728947547
STATE,Journey Close,,WA,AFTERNOON,106,1886,0.05620360551431601,777,1109,0.22571147728947547
STATE,Journey Close,,WA,EVENING,29,1886,0.015376458112407211,777,1109,0.22571147728947547
STATE,Journey Close,,WA,MORNING,51,1886,0.02704135737009544,777,1109,0.22571147728947547
STATE,Journey Close,,WA,NIGHT,2,1886,0.0010604453870625664,777,1109,0.22571147728947547
STATE,Post AIP Reject,,GRCS,AFTERNOON,42,384,0.109375,199,185,0.23916881705826434
STATE,Post AIP Reject,,GRCS,EVENING,10,384,0.026041666666666668,199,185,0.23916881705826434
STATE,Post AIP Reject,,GRCS,MORNING,89,384,0.23177083333333334,199,185,0.23916881705826434
STATE,Post AIP Reject,,GRCS,NIGHT,5,384,0.013020833333333334,199,185,0.23916881705826434
STATE,Post AIP Reject,,SMS,AFTERNOON,53,384,0.13802083333333334,199,185,0.23916881705826434
STATE,Post AIP Reject,,SMS,EVENING,18,384,0.046875,199,185,0.23916881705826434
STATE,Post AIP Reject,,SMS,MORNING,124,384,0.3229166666666667,199,185,0.23916881705826434
STATE,Post AIP Reject,,SMS,NIGHT,1,384,0.0026041666666666665,199,185,0.23916881705826434
STATE,Post AIP Reject,,WA,AFTERNOON,19,384,0.049479166666666664,199,185,0.23916881705826434
STATE,Post AIP Reject,,WA,EVENING,10,384,0.026041666666666668,199,185,0.23916881705826434
STATE,Post AIP Reject,,WA,MORNING,12,384,0.03125,199,185,0.23916881705826434
STATE,Post AIP Reject,,WA,NIGHT,1,384,0.0026041666666666665,199,185,0.23916881705826434
STATE,Professional details,,GRCS,AFTERNOON,4293,27727,0.15483103112489632,13861,13866,0.2220776029647887
STATE,Professional details,,GRCS,EVENING,447,27727,0.016121470047246365,13861,13866,0.2220776029647887
STATE,Professional details,,GRCS,MORNING,5530,27727,0.19944458470083312,13861,13866,0.2220776029647887
STATE,Professional details,,GRCS,NIGHT,208,27727,0.007501713131604573,13861,13866,0.2220776029647887
STATE,Professional details,,SMS,AFTERNOON,4924,27727,0.17758863201933134,13861,13866,0.2220776029647887
STATE,Professional details,,SMS,EVENING,374,27727,0.0134886572654813,13861,13866,0.2220776029647887
STATE,Professional details,,SMS,MORNING,7937,27727,0.28625527464204564,13861,13866,0.2220776029647887
STATE,Professional details,,SMS,NIGHT,80,27727,0.0028852742813863744,13861,13866,0.2220776029647887
STATE,Professional details,,WA,AFTERNOON,2038,27727,0.07350236231831789,13861,13866,0.2220776029647887
STATE,Professional details,,WA,EVENING,1370,27727,0.04941032206874166,13861,13866,0.2220776029647887
STATE,Professional details,,WA,MORNING,496,27727,0.017888700544595522,13861,13866,0.2220776029647887
STATE,Professional details,,WA,NIGHT,30,27727,0.0010819778555198904,13861,13866,0.2220776029647887
