model_level,journey_substage,count_bucket,support_count,p_no_later_observed_event,p_same_day_given_next
GLOBAL,,-1,282070,0.1564328003687028,0.9967555527537877
STATE,AIP Approved,-1,56653,0.14754734965491678,0.9991096202426802
STATE,Address Submission,-1,8925,0.08044817927170868,0.9997563055927866
STATE,Application Created,-1,44164,0.0105742233493343,0.9999084605350482
STATE,Application OTP Verification,-1,43917,0.060409408657239795,0.9994668476153548
STATE,Application Resume,-1,8896,0.1108363309352518,0.9919089759797725
STATE,Application created/Login,-1,1662,0.9987966305655837,0.5
STATE,Bank Approval Pending,-1,9168,0.1293630017452007,1.0
STATE,Bank Approved,-1,14270,0.5532585844428872,0.9987450980392157
STATE,Bottom Navigation,-1,496,0.05040322580645161,0.9872611464968153
STATE,Connection Error,-1,6971,0.33151628173863146,0.9987124463519313
STATE,Disb,-1,505,0.7386138613861386,0.44696969696969696
STATE,Form filled-Rejected,-1,317,0.8138801261829653,0.2711864406779661
STATE,Help / Tooltip,-1,314,0.06050955414012739,0.9830508474576272
STATE,Journey Close,-1,2622,0.15179252479023647,0.9725719424460432
STATE,Language Selection,-1,1900,0.15052631578947367,0.9975216852540273
STATE,Loan Product Browse,-1,268,0.07462686567164178,0.9919354838709677
STATE,Product Selection,-1,31390,0.09340554316661358,0.9999648604961698
STATE,Professional Details Submission,-1,31075,0.004794851166532582,0.9999676647481084
STATE,Professional details,-1,2448,0.9669117647058824,0.2962962962962963
STATE,Profile Management,-1,230,0.021739130434782608,1.0
STATE,Quick Action,-1,498,0.13654618473895583,0.9883720930232558
STATE,Score Generation / Refresh,-1,245,0.07755102040816327,0.9867256637168141
STATE,Scroll / Depth,-1,459,0.05010893246187364,1.0
STATE,Secondary Navigation,-1,254,0.06692913385826772,0.9915611814345991
STATE,Sticky CTA Engagement,-1,274,0.09854014598540146,1.0
STATE,Top Navigation,-1,290,0.05517241379310345,1.0
STATE,listing,-1,10857,0.9618679193147278,0.27294685990338163
STATE_COUNT,AIP Approved,1,263,0.33840304182509506,0.9195402298850575
STATE_COUNT,AIP Approved,2,844,0.05568720379146919,0.9974905897114178
STATE_COUNT,AIP Approved,3,25851,0.09674674093845499,0.9998286937901499
STATE_COUNT,AIP Approved,4,6006,0.11888111888111888,0.9998110355253212
STATE_COUNT,AIP Approved,5,5229,0.16351118760757316,0.9990855052583447
STATE_COUNT,AIP Approved,6,5260,0.21045627376425854,0.9992776306284613
STATE_COUNT,AIP Approved,7,4074,0.22778595974472263,0.9993642720915448
STATE_COUNT,AIP Approved,8,9067,0.22929304069703318,0.9988551803091014
STATE_COUNT,Address Submission,4,124,0.12096774193548387,1.0
STATE_COUNT,Address Submission,5,4584,0.06195462478184991,1.0
STATE_COUNT,Address Submission,6,765,0.08366013071895424,1.0
STATE_COUNT,Address Submission,7,526,0.0741444866920152,1.0
STATE_COUNT,Address Submission,8,2912,0.10817307692307693,1.0
STATE_COUNT,Application Created,0,44116,0.010404388430501406,0.9999312824976522
STATE_COUNT,Application OTP Verification,0,119,0.14285714285714285,0.8823529411764706
STATE_COUNT,Application OTP Verification,1,40475,0.06216182828906733,0.9999209673595195
STATE_COUNT,Application OTP Verification,2,132,0.06818181818181818,1.0
STATE_COUNT,Application OTP Verification,3,402,0.04228855721393035,1.0
STATE_COUNT,Application OTP Verification,4,105,0.01904761904761905,0.9902912621359223
STATE_COUNT,Application OTP Verification,5,575,0.029565217391304348,0.9982078853046595
STATE_COUNT,Application OTP Verification,6,247,0.06882591093117409,1.0
STATE_COUNT,Application OTP Verification,7,325,0.05846153846153846,0.9967320261437909
STATE_COUNT,Application OTP Verification,8,1537,0.025374105400130124,0.9973297730307076
STATE_COUNT,Application Resume,0,514,0.1245136186770428,0.9466666666666667
STATE_COUNT,Application Resume,1,187,0.10695187165775401,0.9221556886227545
STATE_COUNT,Application Resume,2,4275,0.07345029239766082,0.999242615501136
STATE_COUNT,Application Resume,3,417,0.09592326139088729,0.9893899204244032
STATE_COUNT,Application Resume,4,357,0.07563025210084033,0.9939393939393939
STATE_COUNT,Application Resume,5,241,0.1078838174273859,0.9953488372093023
STATE_COUNT,Application Resume,6,437,0.18764302059496568,0.9971830985915493
STATE_COUNT,Application Resume,7,380,0.2710526315789474,0.9927797833935018
STATE_COUNT,Application Resume,8,2088,0.14846743295019157,0.9921259842519685
STATE_COUNT,Application created/Login,1,1585,0.9987381703470032,0.5
STATE_COUNT,Bank Approval Pending,4,292,0.02054794520547945,1.0
STATE_COUNT,Bank Approval Pending,5,1647,0.029143897996357013,1.0
STATE_COUNT,Bank Approval Pending,6,2551,0.1195609564876519,1.0
STATE_COUNT,Bank Approval Pending,7,934,0.11563169164882227,1.0
STATE_COUNT,Bank Approval Pending,8,3737,0.1924003211131924,1.0
STATE_COUNT,Bank Approved,4,1195,0.09456066945606695,1.0
STATE_COUNT,Bank Approved,5,3753,0.6637356781241673,0.9976228209191759
STATE_COUNT,Bank Approved,6,2317,0.6650841605524385,0.9987113402061856
STATE_COUNT,Bank Approved,7,1711,0.6049094097019287,1.0
STATE_COUNT,Bank Approved,8,5207,0.5179565968888036,0.999601593625498
STATE_COUNT,Bottom Navigation,8,347,0.04899135446685879,0.990909090909091
STATE_COUNT,Connection Error,2,731,0.09575923392612859,1.0
STATE_COUNT,Connection Error,3,286,0.2202797202797203,0.9955156950672646
STATE_COUNT,Connection Error,4,1252,0.2787539936102236,1.0
STATE_COUNT,Connection Error,5,648,0.5077160493827161,1.0
STATE_COUNT,Connection Error,6,638,0.30877742946708464,1.0
STATE_COUNT,Connection Error,7,755,0.3218543046357616,1.0
STATE_COUNT,Connection Error,8,2605,0.4049904030710173,0.9987096774193548
STATE_COUNT,Disb,8,143,0.6363636363636364,0.46153846153846156
STATE_COUNT,Form filled-Rejected,3,176,0.8409090909090909,0.32142857142857145
STATE_COUNT,Help / FAQ,8,113,0.008849557522123894,1.0
STATE_COUNT,Help / Tooltip,8,204,0.058823529411764705,0.9791666666666666
STATE_COUNT,Journey Close,1,249,0.1566265060240964,0.9619047619047619
STATE_COUNT,Journey Close,2,144,0.2013888888888889,0.9391304347826087
STATE_COUNT,Journey Close,3,148,0.17567567567567569,0.9836065573770492
STATE_COUNT,Journey Close,4,151,0.17218543046357615,0.96
STATE_COUNT,Journey Close,5,229,0.2052401746724891,0.9725274725274725
STATE_COUNT,Journey Close,6,158,0.17088607594936708,0.9694656488549618
STATE_COUNT,Journey Close,7,154,0.12337662337662338,0.9703703703703703
STATE_COUNT,Journey Close,8,1385,0.13357400722021662,0.98
STATE_COUNT,Language Selection,2,542,0.05904059040590406,1.0
STATE_COUNT,Language Selection,3,126,0.07936507936507936,1.0
STATE_COUNT,Language Selection,4,249,0.11244979919678715,0.995475113122172
STATE_COUNT,Language Selection,5,151,0.2052980132450331,1.0
STATE_COUNT,Language Selection,6,136,0.20588235294117646,1.0
STATE_COUNT,Language Selection,7,124,0.24193548387096775,1.0
STATE_COUNT,Language Selection,8,468,0.24358974358974358,0.9943502824858758
STATE_COUNT,Loan Confirmation,1,154,0.2532467532467532,1.0
STATE_COUNT,Loan Product Browse,8,167,0.08383233532934131,0.9934640522875817
STATE_COUNT,Offer Discovery,8,104,0.14423076923076922,1.0
STATE_COUNT,Other,8,128,0.0234375,1.0
STATE_COUNT,Product Detail View,8,104,0.07692307692307693,1.0
STATE_COUNT,Product Selection,3,433,0.04157043879907621,1.0
STATE_COUNT,Product Selection,4,13705,0.0404961692812842,0.9999239543726236
STATE_COUNT,Product Selection,5,3967,0.19662213259389968,1.0
STATE_COUNT,Product Selection,6,3083,0.09211806681803439,1.0
STATE_COUNT,Product Selection,7,2788,0.1323529411764706,1.0
STATE_COUNT,Product Selection,8,7366,0.1251696986152593,1.0
STATE_COUNT,Professional Details Submission,1,735,0.0027210884353741495,1.0
STATE_COUNT,Professional Details Submission,2,26073,0.003988800675027807,0.9999614925488082
STATE_COUNT,Professional Details Submission,3,3165,0.006003159557661927,1.0
STATE_COUNT,Professional Details Submission,4,629,0.006359300476947536,1.0
STATE_COUNT,Professional Details Submission,5,135,0.022222222222222223,1.0
STATE_COUNT,Professional Details Submission,6,134,0.014925373134328358,1.0
STATE_COUNT,Professional Details Submission,8,136,0.0661764705882353,1.0
STATE_COUNT,Professional details,1,130,0.7692307692307693,0.3
STATE_COUNT,Professional details,2,1937,0.980898296334538,0.2972972972972973
STATE_COUNT,Professional details,3,282,0.9716312056737588,0.25
STATE_COUNT,Profile Management,8,187,0.0213903743315508,1.0
STATE_COUNT,Quick Action,8,322,0.12732919254658384,0.99644128113879
STATE_COUNT,Score Generation / Refresh,8,179,0.0670391061452514,0.9940119760479041
STATE_COUNT,Scroll / Depth,8,226,0.084070796460177,1.0
STATE_COUNT,Secondary Navigation,8,143,0.06293706293706294,0.9850746268656716
STATE_COUNT,Sticky CTA Engagement,8,153,0.0915032679738562,1.0
STATE_COUNT,Top Navigation,8,165,0.06060606060606061,1.0
STATE_COUNT,listing,1,159,0.8490566037735849,0.25
STATE_COUNT,listing,2,4341,0.9741994932043307,0.29464285714285715
STATE_COUNT,listing,3,765,0.9686274509803922,0.25
STATE_COUNT,listing,4,3963,0.9639162250820086,0.18181818181818182
STATE_COUNT,listing,5,876,0.95662100456621,0.23684210526315788
STATE_COUNT,listing,6,335,0.9164179104477612,0.39285714285714285
STATE_COUNT,listing,7,149,0.9194630872483222,0.4166666666666667
STATE_COUNT,listing,8,269,0.8773234200743495,0.5151515151515151
