model_level,journey_stage,journey_substage,elapsed_lower_seconds,elapsed_upper_seconds,risk_set,continuation_events,censored,hazard
GLOBAL,,,0,1,281969,0,1,0.0
GLOBAL,,,1,5,281968,35913,2,0.12736551665437212
GLOBAL,,,5,15,246053,81798,5,0.33244057174673747
GLOBAL,,,15,30,164250,27011,3,0.16445053272450533
GLOBAL,,,30,60,137236,31677,2,0.2308213588271299
GLOBAL,,,60,120,105557,40998,31374,0.38839679035971086
GLOBAL,,,120,300,33185,11310,46,0.3408166340213952
GLOBAL,,,300,600,21829,2714,20,0.12433001969856612
GLOBAL,,,600,1800,19095,1880,11,0.09845509295627128
GLOBAL,,,1800,3600,17204,129,0,0.007498256219483841
GLOBAL,,,3600,21600,17075,198,6,0.011595900439238653
GLOBAL,,,21600,86400,16871,106,18,0.00628297077825855
GLOBAL,,,86400,259200,16747,155,45,0.009255389024899982
GLOBAL,,,259200,604800,16547,161,48,0.009729860397655164
GLOBAL,,,604800,1209600,16338,153,88,0.009364671318398824
GLOBAL,,,1209600,2592000,16097,212,15871,0.013170155929676337
STATE,,AIP Approved,0,1,56650,0,1,0.0
STATE,,AIP Approved,1,5,56649,1177,1,0.02077706579109958
STATE,,AIP Approved,5,15,55471,7948,2,0.14328207531863496
STATE,,AIP Approved,15,30,47521,10806,1,0.2273942046674102
STATE,,AIP Approved,30,60,36714,12572,2,0.34243068039439994
STATE,,AIP Approved,60,120,24140,12392,8133,0.5133388566694284
STATE,,AIP Approved,120,300,3615,2395,2,0.6625172890733056
STATE,,AIP Approved,300,600,1218,523,0,0.4293924466338259
STATE,,AIP Approved,600,1800,695,404,1,0.581294964028777
STATE,,AIP Approved,1800,3600,290,15,0,0.05172413793103448
STATE,,AIP Approved,3600,21600,275,8,1,0.02909090909090909
STATE,,AIP Approved,21600,86400,266,8,5,0.03007518796992481
STATE,,AIP Approved,86400,259200,253,6,11,0.023715415019762844
STATE,,AIP Approved,259200,604800,236,6,11,0.025423728813559324
STATE,,AIP Approved,604800,1209600,219,10,23,0.045662100456621
STATE,,AIP Approved,1209600,2592000,186,6,180,0.03225806451612903
STATE,,Address Submission,0,1,8925,0,0,0.0
STATE,,Address Submission,1,5,8925,3660,0,0.41008403361344536
STATE,,Address Submission,5,15,5265,3177,0,0.6034188034188034
STATE,,Address Submission,15,30,2088,376,0,0.18007662835249041
STATE,,Address Submission,30,60,1712,88,0,0.0514018691588785
STATE,,Address Submission,60,120,1624,341,934,0.20997536945812809
STATE,,Address Submission,120,300,349,190,0,0.5444126074498568
STATE,,Address Submission,300,600,159,82,0,0.5157232704402516
STATE,,Address Submission,600,1800,77,70,0,0.9090909090909091
STATE,,Address Submission,1800,3600,7,3,0,0.42857142857142855
STATE,,Address Submission,3600,21600,4,0,0,0.0
STATE,,Address Submission,21600,86400,4,0,0,0.0
STATE,,Address Submission,86400,259200,4,1,0,0.25
STATE,,Address Submission,259200,604800,3,0,0,0.0
STATE,,Address Submission,604800,1209600,3,0,0,0.0
STATE,,Address Submission,1209600,2592000,3,1,2,0.3333333333333333
STATE,,Application Created,0,1,44164,0,0,0.0
STATE,,Application Created,1,5,44164,2599,0,0.05884883615614528
STATE,,Application Created,5,15,41565,28311,0,0.6811259473114399
STATE,,Application Created,15,30,13254,7040,0,0.531160404406217
STATE,,Application Created,30,60,6214,2253,0,0.3625683939491471
STATE,,Application Created,60,120,3961,2921,446,0.7374400403938399
STATE,,Application Created,120,300,594,430,0,0.7239057239057239
STATE,,Application Created,300,600,164,81,0,0.49390243902439024
STATE,,Application Created,600,1800,83,55,1,0.6626506024096386
STATE,,Application Created,1800,3600,27,2,0,0.07407407407407407
STATE,,Application Created,3600,21600,25,0,0,0.0
STATE,,Application Created,21600,86400,25,1,0,0.04
STATE,,Application Created,86400,259200,24,1,0,0.041666666666666664
STATE,,Application Created,259200,604800,23,2,0,0.08695652173913043
STATE,,Application Created,604800,1209600,21,1,2,0.047619047619047616
STATE,,Application Created,1209600,2592000,18,0,5,0.0
STATE,,Application OTP Verification,0,1,43912,0,0,0.0
STATE,,Application OTP Verification,1,5,43912,2309,0,0.05258243760247768
STATE,,Application OTP Verification,5,15,41603,3325,0,0.07992212100088936
STATE,,Application OTP Verification,15,30,38278,844,0,0.022049218872459374
STATE,,Application OTP Verification,30,60,37434,11182,0,0.29871240049153175
STATE,,Application OTP Verification,60,120,26252,17860,2589,0.6803291177815024
STATE,,Application OTP Verification,120,300,5803,4711,0,0.8118214716525934
STATE,,Application OTP Verification,300,600,1092,680,1,0.6227106227106227
STATE,,Application OTP Verification,600,1800,411,311,0,0.7566909975669099
STATE,,Application OTP Verification,1800,3600,100,10,0,0.1
STATE,,Application OTP Verification,3600,21600,90,5,0,0.05555555555555555
STATE,,Application OTP Verification,21600,86400,85,3,3,0.03529411764705882
STATE,,Application OTP Verification,86400,259200,79,6,2,0.0759493670886076
STATE,,Application OTP Verification,259200,604800,71,5,5,0.07042253521126761
STATE,,Application OTP Verification,604800,1209600,61,0,5,0.0
STATE,,Application OTP Verification,1209600,2592000,56,6,49,0.10714285714285714
STATE,,Application Resume,0,1,8888,0,0,0.0
STATE,,Application Resume,1,5,8888,1085,1,0.12207470747074707
STATE,,Application Resume,5,15,7802,1605,1,0.20571648295308895
STATE,,Application Resume,15,30,6196,380,2,0.06132989025177534
STATE,,Application Resume,30,60,5814,1735,0,0.2984176126590987
STATE,,Application Resume,60,120,4079,2080,943,0.5099289041431724
STATE,,Application Resume,120,300,1056,549,0,0.5198863636363636
STATE,,Application Resume,300,600,507,148,0,0.29191321499013806
STATE,,Application Resume,600,1800,359,116,0,0.3231197771587744
STATE,,Application Resume,1800,3600,243,13,0,0.053497942386831275
STATE,,Application Resume,3600,21600,230,30,1,0.13043478260869565
STATE,,Application Resume,21600,86400,199,16,5,0.08040201005025126
STATE,,Application Resume,86400,259200,178,17,10,0.09550561797752809
STATE,,Application Resume,259200,604800,151,12,7,0.07947019867549669
STATE,,Application Resume,604800,1209600,132,9,20,0.06818181818181818
STATE,,Application Resume,1209600,2592000,103,12,91,0.11650485436893204
STATE,,Application created/Login,0,1,1662,0,0,0.0
STATE,,Application created/Login,1,5,1662,0,0,0.0
STATE,,Application created/Login,5,15,1662,0,0,0.0
STATE,,Application created/Login,15,30,1662,0,0,0.0
STATE,,Application created/Login,30,60,1662,0,0,0.0
STATE,,Application created/Login,60,120,1662,0,0,0.0
STATE,,Application created/Login,120,300,1662,0,0,0.0
STATE,,Application created/Login,300,600,1662,0,0,0.0
STATE,,Application created/Login,600,1800,1662,0,0,0.0
STATE,,Application created/Login,1800,3600,1662,0,0,0.0
STATE,,Application created/Login,3600,21600,1662,1,0,0.0006016847172081829
STATE,,Application created/Login,21600,86400,1661,1,0,0.0006020469596628537
STATE,,Application created/Login,86400,259200,1660,0,0,0.0
STATE,,Application created/Login,259200,604800,1660,0,0,0.0
STATE,,Application created/Login,604800,1209600,1660,0,0,0.0
STATE,,Application created/Login,1209600,2592000,1660,0,1660,0.0
STATE,,Bank Approval Pending,0,1,9168,0,0,0.0
STATE,,Bank Approval Pending,1,5,9168,895,0,0.09762216404886562
STATE,,Bank Approval Pending,5,15,8273,5118,0,0.6186389459688142
STATE,,Bank Approval Pending,15,30,3155,493,0,0.15625990491283676
STATE,,Bank Approval Pending,30,60,2662,184,0,0.06912096168294515
STATE,,Bank Approval Pending,60,120,2478,513,1428,0.20702179176755447
STATE,,Bank Approval Pending,120,300,537,313,0,0.5828677839851024
STATE,,Bank Approval Pending,300,600,224,116,0,0.5178571428571429
STATE,,Bank Approval Pending,600,1800,108,106,0,0.9814814814814815
STATE,,Bank Approval Pending,1800,3600,2,1,0,0.5
STATE,,Bank Approval Pending,3600,21600,1,0,0,0.0
STATE,,Bank Approval Pending,21600,86400,1,0,0,0.0
STATE,,Bank Approval Pending,86400,259200,1,0,0,0.0
STATE,,Bank Approval Pending,259200,604800,1,0,0,0.0
STATE,,Bank Approval Pending,604800,1209600,1,0,0,0.0
STATE,,Bank Approval Pending,1209600,2592000,1,0,1,0.0
STATE,,Bank Approved,0,1,14270,0,0,0.0
STATE,,Bank Approved,1,5,14270,70,0,0.004905395935529082
STATE,,Bank Approved,5,15,14200,546,1,0.038450704225352114
STATE,,Bank Approved,15,30,13653,1151,0,0.08430381601113308
STATE,,Bank Approved,30,60,12502,720,0,0.057590785474324106
STATE,,Bank Approved,60,120,11782,886,9284,0.07519945679850619
STATE,,Bank Approved,120,300,1612,736,1,0.456575682382134
STATE,,Bank Approved,300,600,875,448,3,0.512
STATE,,Bank Approved,600,1800,424,328,0,0.7735849056603774
STATE,,Bank Approved,1800,3600,96,18,0,0.1875
STATE,,Bank Approved,3600,21600,78,2,0,0.02564102564102564
STATE,,Bank Approved,21600,86400,76,1,1,0.013157894736842105
STATE,,Bank Approved,86400,259200,74,1,1,0.013513513513513514
STATE,,Bank Approved,259200,604800,72,2,1,0.027777777777777776
STATE,,Bank Approved,604800,1209600,69,3,4,0.043478260869565216
STATE,,Bank Approved,1209600,2592000,62,1,61,0.016129032258064516
STATE,,Bottom Navigation,0,1,496,0,0,0.0
STATE,,Bottom Navigation,1,5,496,145,0,0.2923387096774194
STATE,,Bottom Navigation,5,15,351,205,0,0.584045584045584
STATE,,Bottom Navigation,15,30,146,63,0,0.4315068493150685
STATE,,Bottom Navigation,30,60,83,30,0,0.3614457831325301
STATE,,Bottom Navigation,60,120,53,8,15,0.1509433962264151
STATE,,Bottom Navigation,120,300,30,3,0,0.1
STATE,,Bottom Navigation,300,600,27,4,0,0.14814814814814814
STATE,,Bottom Navigation,600,1800,23,2,0,0.08695652173913043
STATE,,Bottom Navigation,1800,3600,21,0,0,0.0
STATE,,Bottom Navigation,3600,21600,21,4,0,0.19047619047619047
STATE,,Bottom Navigation,21600,86400,17,1,0,0.058823529411764705
STATE,,Bottom Navigation,86400,259200,16,2,1,0.125
STATE,,Bottom Navigation,259200,604800,13,2,1,0.15384615384615385
STATE,,Bottom Navigation,604800,1209600,10,1,1,0.1
STATE,,Bottom Navigation,1209600,2592000,8,1,7,0.125
STATE,,Connection Error,0,1,6970,0,0,0.0
STATE,,Connection Error,1,5,6970,423,0,0.060688665710186517
STATE,,Connection Error,5,15,6547,1407,1,0.21490759126317396
STATE,,Connection Error,15,30,5139,1631,0,0.31737692158007397
STATE,,Connection Error,30,60,3508,502,0,0.14310148232611175
STATE,,Connection Error,60,120,3006,452,2298,0.15036593479707253
STATE,,Connection Error,120,300,256,80,2,0.3125
STATE,,Connection Error,300,600,174,54,0,0.3103448275862069
STATE,,Connection Error,600,1800,120,77,0,0.6416666666666667
STATE,,Connection Error,1800,3600,43,8,0,0.18604651162790697
STATE,,Connection Error,3600,21600,35,4,0,0.11428571428571428
STATE,,Connection Error,21600,86400,31,3,0,0.0967741935483871
STATE,,Connection Error,86400,259200,28,2,0,0.07142857142857142
STATE,,Connection Error,259200,604800,26,1,0,0.038461538461538464
STATE,,Connection Error,604800,1209600,25,0,0,0.0
STATE,,Connection Error,1209600,2592000,25,0,25,0.0
STATE,,Disb,0,1,505,0,0,0.0
STATE,,Disb,1,5,505,0,0,0.0
STATE,,Disb,5,15,505,0,0,0.0
STATE,,Disb,15,30,505,0,0,0.0
STATE,,Disb,30,60,505,0,0,0.0
STATE,,Disb,60,120,505,0,0,0.0
STATE,,Disb,120,300,505,6,0,0.011881188118811881
STATE,,Disb,300,600,499,5,0,0.01002004008016032
STATE,,Disb,600,1800,494,9,0,0.018218623481781375
STATE,,Disb,1800,3600,485,12,0,0.024742268041237112
STATE,,Disb,3600,21600,473,25,0,0.052854122621564484
STATE,,Disb,21600,86400,448,7,0,0.015625
STATE,,Disb,86400,259200,441,20,0,0.045351473922902494
STATE,,Disb,259200,604800,421,14,0,0.0332541567695962
STATE,,Disb,604800,1209600,407,17,0,0.04176904176904177
STATE,,Disb,1209600,2592000,390,17,373,0.04358974358974359
STATE,,Form filled-Rejected,0,1,317,0,0,0.0
STATE,,Form filled-Rejected,1,5,317,0,0,0.0
STATE,,Form filled-Rejected,5,15,317,0,0,0.0
STATE,,Form filled-Rejected,15,30,317,0,0,0.0
STATE,,Form filled-Rejected,30,60,317,1,0,0.0031545741324921135
STATE,,Form filled-Rejected,60,120,316,0,0,0.0
STATE,,Form filled-Rejected,120,300,316,0,0,0.0
STATE,,Form filled-Rejected,300,600,316,2,0,0.006329113924050633
STATE,,Form filled-Rejected,600,1800,314,2,0,0.006369426751592357
STATE,,Form filled-Rejected,1800,3600,312,1,0,0.003205128205128205
STATE,,Form filled-Rejected,3600,21600,311,9,0,0.028938906752411574
STATE,,Form filled-Rejected,21600,86400,302,3,0,0.009933774834437087
STATE,,Form filled-Rejected,86400,259200,299,8,0,0.026755852842809364
STATE,,Form filled-Rejected,259200,604800,291,9,0,0.030927835051546393
STATE,,Form filled-Rejected,604800,1209600,282,8,0,0.028368794326241134
STATE,,Form filled-Rejected,1209600,2592000,274,16,258,0.058394160583941604
STATE,,Help / Tooltip,0,1,314,0,0,0.0
STATE,,Help / Tooltip,1,5,314,85,0,0.27070063694267515
STATE,,Help / Tooltip,5,15,229,104,0,0.45414847161572053
STATE,,Help / Tooltip,15,30,125,61,0,0.488
STATE,,Help / Tooltip,30,60,64,23,0,0.359375
STATE,,Help / Tooltip,60,120,41,12,16,0.2926829268292683
STATE,,Help / Tooltip,120,300,13,2,1,0.15384615384615385
STATE,,Help / Tooltip,300,600,10,0,0,0.0
STATE,,Help / Tooltip,600,1800,10,2,0,0.2
STATE,,Help / Tooltip,1800,3600,8,0,0,0.0
STATE,,Help / Tooltip,3600,21600,8,0,0,0.0
STATE,,Help / Tooltip,21600,86400,8,1,1,0.125
STATE,,Help / Tooltip,86400,259200,6,2,0,0.3333333333333333
STATE,,Help / Tooltip,259200,604800,4,1,0,0.25
STATE,,Help / Tooltip,604800,1209600,3,0,0,0.0
STATE,,Help / Tooltip,1209600,2592000,3,1,2,0.3333333333333333
STATE,,Journey Close,0,1,2622,0,0,0.0
STATE,,Journey Close,1,5,2622,610,0,0.2326468344774981
STATE,,Journey Close,5,15,2012,777,0,0.38618290258449306
STATE,,Journey Close,15,30,1235,293,0,0.23724696356275304
STATE,,Journey Close,30,60,942,181,0,0.1921443736730361
STATE,,Journey Close,60,120,761,149,265,0.19579500657030224
STATE,,Journey Close,120,300,347,44,0,0.12680115273775217
STATE,,Journey Close,300,600,303,29,0,0.09570957095709572
STATE,,Journey Close,600,1800,274,45,0,0.16423357664233576
STATE,,Journey Close,1800,3600,229,4,0,0.017467248908296942
STATE,,Journey Close,3600,21600,225,18,3,0.08
STATE,,Journey Close,21600,86400,204,17,2,0.08333333333333333
STATE,,Journey Close,86400,259200,185,14,7,0.07567567567567568
STATE,,Journey Close,259200,604800,164,15,14,0.09146341463414634
STATE,,Journey Close,604800,1209600,135,8,13,0.05925925925925926
STATE,,Journey Close,1209600,2592000,114,12,102,0.10526315789473684
STATE,,Language Selection,0,1,1900,0,0,0.0
STATE,,Language Selection,1,5,1900,275,0,0.14473684210526316
STATE,,Language Selection,5,15,1625,287,0,0.17661538461538462
STATE,,Language Selection,15,30,1338,149,0,0.11136023916292975
STATE,,Language Selection,30,60,1189,254,0,0.21362489486963834
STATE,,Language Selection,60,120,935,481,265,0.5144385026737968
STATE,,Language Selection,120,300,189,112,0,0.5925925925925926
STATE,,Language Selection,300,600,77,28,0,0.36363636363636365
STATE,,Language Selection,600,1800,49,21,0,0.42857142857142855
STATE,,Language Selection,1800,3600,28,3,0,0.10714285714285714
STATE,,Language Selection,3600,21600,25,0,0,0.0
STATE,,Language Selection,21600,86400,25,1,0,0.04
STATE,,Language Selection,86400,259200,24,1,1,0.041666666666666664
STATE,,Language Selection,259200,604800,22,0,0,0.0
STATE,,Language Selection,604800,1209600,22,1,2,0.045454545454545456
STATE,,Language Selection,1209600,2592000,19,1,18,0.05263157894736842
STATE,,Loan Product Browse,0,1,268,0,0,0.0
STATE,,Loan Product Browse,1,5,268,25,0,0.09328358208955224
STATE,,Loan Product Browse,5,15,243,78,0,0.32098765432098764
STATE,,Loan Product Browse,15,30,165,49,0,0.296969696969697
STATE,,Loan Product Browse,30,60,116,58,0,0.5
STATE,,Loan Product Browse,60,120,58,22,16,0.3793103448275862
STATE,,Loan Product Browse,120,300,20,6,0,0.3
STATE,,Loan Product Browse,300,600,14,4,0,0.2857142857142857
STATE,,Loan Product Browse,600,1800,10,1,0,0.1
STATE,,Loan Product Browse,1800,3600,9,1,0,0.1111111111111111
STATE,,Loan Product Browse,3600,21600,8,1,0,0.125
STATE,,Loan Product Browse,21600,86400,7,2,0,0.2857142857142857
STATE,,Loan Product Browse,86400,259200,5,1,1,0.2
STATE,,Loan Product Browse,259200,604800,3,0,0,0.0
STATE,,Loan Product Browse,604800,1209600,3,0,0,0.0
STATE,,Loan Product Browse,1209600,2592000,3,0,3,0.0
STATE,,Product Selection,0,1,31389,0,0,0.0
STATE,,Product Selection,1,5,31389,10566,0,0.3366147376469464
STATE,,Product Selection,5,15,20823,8531,0,0.40969120683859195
STATE,,Product Selection,15,30,12292,2469,0,0.2008623494956069
STATE,,Product Selection,30,60,9823,1245,0,0.12674335742644813
STATE,,Product Selection,60,120,8578,2058,4240,0.23991606435066448
STATE,,Product Selection,120,300,2280,1560,1,0.6842105263157895
STATE,,Product Selection,300,600,719,430,0,0.5980528511821975
STATE,,Product Selection,600,1800,289,251,0,0.8685121107266436
STATE,,Product Selection,1800,3600,38,11,0,0.2894736842105263
STATE,,Product Selection,3600,21600,27,0,0,0.0
STATE,,Product Selection,21600,86400,27,0,0,0.0
STATE,,Product Selection,86400,259200,27,0,1,0.0
STATE,,Product Selection,259200,604800,26,0,1,0.0
STATE,,Product Selection,604800,1209600,25,0,1,0.0
STATE,,Product Selection,1209600,2592000,24,0,24,0.0
STATE,,Professional Details Submission,0,1,31074,0,0,0.0
STATE,,Professional Details Submission,1,5,31074,10864,0,0.34961704318723047
STATE,,Professional Details Submission,5,15,20210,18865,0,0.9334487877288471
STATE,,Professional Details Submission,15,30,1345,429,0,0.31895910780669146
STATE,,Professional Details Submission,30,60,916,203,0,0.22161572052401746
STATE,,Professional Details Submission,60,120,713,463,171,0.6493688639551192
STATE,,Professional Details Submission,120,300,79,39,0,0.4936708860759494
STATE,,Professional Details Submission,300,600,40,21,0,0.525
STATE,,Professional Details Submission,600,1800,19,18,0,0.9473684210526315
STATE,,Professional Details Submission,1800,3600,1,0,0,0.0
STATE,,Professional Details Submission,3600,21600,1,0,0,0.0
STATE,,Professional Details Submission,21600,86400,1,0,0,0.0
STATE,,Professional Details Submission,86400,259200,1,0,0,0.0
STATE,,Professional Details Submission,259200,604800,1,0,0,0.0
STATE,,Professional Details Submission,604800,1209600,1,0,0,0.0
STATE,,Professional Details Submission,1209600,2592000,1,0,1,0.0
STATE,,Professional details,0,1,2448,0,0,0.0
STATE,,Professional details,1,5,2448,0,0,0.0
STATE,,Professional details,5,15,2448,0,0,0.0
STATE,,Professional details,15,30,2448,0,0,0.0
STATE,,Professional details,30,60,2448,0,0,0.0
STATE,,Professional details,60,120,2448,0,0,0.0
STATE,,Professional details,120,300,2448,0,0,0.0
STATE,,Professional details,300,600,2448,3,0,0.0012254901960784314
STATE,,Professional details,600,1800,2445,2,0,0.0008179959100204499
STATE,,Professional details,1800,3600,2443,1,0,0.00040933278755628325
STATE,,Professional details,3600,21600,2442,17,0,0.006961506961506962
STATE,,Professional details,21600,86400,2425,3,0,0.0012371134020618556
STATE,,Professional details,86400,259200,2422,8,0,0.0033030553261767133
STATE,,Professional details,259200,604800,2414,12,0,0.004971002485501243
STATE,,Professional details,604800,1209600,2402,11,0,0.004579517069109076
STATE,,Professional details,1209600,2592000,2391,24,2367,0.010037641154328732
STATE,,Profile Management,0,1,230,0,0,0.0
STATE,,Profile Management,1,5,230,88,0,0.3826086956521739
STATE,,Profile Management,5,15,142,92,0,0.647887323943662
STATE,,Profile Management,15,30,50,28,0,0.56
STATE,,Profile Management,30,60,22,11,0,0.5
STATE,,Profile Management,60,120,11,3,2,0.2727272727272727
STATE,,Profile Management,120,300,6,2,0,0.3333333333333333
STATE,,Profile Management,300,600,4,0,0,0.0
STATE,,Profile Management,600,1800,4,1,0,0.25
STATE,,Profile Management,1800,3600,3,0,0,0.0
STATE,,Profile Management,3600,21600,3,0,0,0.0
STATE,,Profile Management,21600,86400,3,0,0,0.0
STATE,,Profile Management,86400,259200,3,0,0,0.0
STATE,,Profile Management,259200,604800,3,0,0,0.0
STATE,,Profile Management,604800,1209600,3,0,0,0.0
STATE,,Profile Management,1209600,2592000,3,0,3,0.0
STATE,,Quick Action,0,1,498,0,0,0.0
STATE,,Quick Action,1,5,498,90,0,0.18072289156626506
STATE,,Quick Action,5,15,408,146,0,0.35784313725490197
STATE,,Quick Action,15,30,262,105,0,0.40076335877862596
STATE,,Quick Action,30,60,157,22,0,0.14012738853503184
STATE,,Quick Action,60,120,135,17,19,0.1259259259259259
STATE,,Quick Action,120,300,99,23,16,0.23232323232323232
STATE,,Quick Action,300,600,60,9,7,0.15
STATE,,Quick Action,600,1800,44,10,0,0.22727272727272727
STATE,,Quick Action,1800,3600,34,1,0,0.029411764705882353
STATE,,Quick Action,3600,21600,33,1,0,0.030303030303030304
STATE,,Quick Action,21600,86400,32,1,0,0.03125
STATE,,Quick Action,86400,259200,31,1,0,0.03225806451612903
STATE,,Quick Action,259200,604800,30,2,3,0.06666666666666667
STATE,,Quick Action,604800,1209600,25,0,2,0.0
STATE,,Quick Action,1209600,2592000,23,1,22,0.043478260869565216
STATE,,Score Generation / Refresh,0,1,237,0,0,0.0
STATE,,Score Generation / Refresh,1,5,237,91,0,0.38396624472573837
STATE,,Score Generation / Refresh,5,15,146,76,0,0.5205479452054794
STATE,,Score Generation / Refresh,15,30,70,16,0,0.22857142857142856
STATE,,Score Generation / Refresh,30,60,54,12,0,0.2222222222222222
STATE,,Score Generation / Refresh,60,120,42,6,10,0.14285714285714285
STATE,,Score Generation / Refresh,120,300,26,5,0,0.19230769230769232
STATE,,Score Generation / Refresh,300,600,21,2,0,0.09523809523809523
STATE,,Score Generation / Refresh,600,1800,19,3,0,0.15789473684210525
STATE,,Score Generation / Refresh,1800,3600,16,0,0,0.0
STATE,,Score Generation / Refresh,3600,21600,16,2,0,0.125
STATE,,Score Generation / Refresh,21600,86400,14,0,0,0.0
STATE,,Score Generation / Refresh,86400,259200,14,0,0,0.0
STATE,,Score Generation / Refresh,259200,604800,14,0,2,0.0
STATE,,Score Generation / Refresh,604800,1209600,12,3,2,0.25
STATE,,Score Generation / Refresh,1209600,2592000,7,0,7,0.0
STATE,,Scroll / Depth,0,1,421,0,0,0.0
STATE,,Scroll / Depth,1,5,421,148,0,0.3515439429928741
STATE,,Scroll / Depth,5,15,273,116,0,0.4249084249084249
STATE,,Scroll / Depth,15,30,157,75,0,0.47770700636942676
STATE,,Scroll / Depth,30,60,82,30,0,0.36585365853658536
STATE,,Scroll / Depth,60,120,52,22,19,0.4230769230769231
STATE,,Scroll / Depth,120,300,11,6,1,0.5454545454545454
STATE,,Scroll / Depth,300,600,4,0,0,0.0
STATE,,Scroll / Depth,600,1800,4,0,1,0.0
STATE,,Scroll / Depth,1800,3600,3,0,0,0.0
STATE,,Scroll / Depth,3600,21600,3,0,0,0.0
STATE,,Scroll / Depth,21600,86400,3,0,0,0.0
STATE,,Scroll / Depth,86400,259200,3,0,0,0.0
STATE,,Scroll / Depth,259200,604800,3,0,0,0.0
STATE,,Scroll / Depth,604800,1209600,3,0,0,0.0
STATE,,Scroll / Depth,1209600,2592000,3,0,3,0.0
STATE,,Secondary Navigation,0,1,254,0,0,0.0
STATE,,Secondary Navigation,1,5,254,48,0,0.1889763779527559
STATE,,Secondary Navigation,5,15,206,112,0,0.5436893203883495
STATE,,Secondary Navigation,15,30,94,33,0,0.35106382978723405
STATE,,Secondary Navigation,30,60,61,13,0,0.21311475409836064
STATE,,Secondary Navigation,60,120,48,13,8,0.2708333333333333
STATE,,Secondary Navigation,120,300,27,6,0,0.2222222222222222
STATE,,Secondary Navigation,300,600,21,4,0,0.19047619047619047
STATE,,Secondary Navigation,600,1800,17,3,2,0.17647058823529413
STATE,,Secondary Navigation,1800,3600,12,0,0,0.0
STATE,,Secondary Navigation,3600,21600,12,3,0,0.25
STATE,,Secondary Navigation,21600,86400,9,0,0,0.0
STATE,,Secondary Navigation,86400,259200,9,1,2,0.1111111111111111
STATE,,Secondary Navigation,259200,604800,6,1,0,0.16666666666666666
STATE,,Secondary Navigation,604800,1209600,5,0,1,0.0
STATE,,Secondary Navigation,1209600,2592000,4,0,4,0.0
STATE,,Sticky CTA Engagement,0,1,274,0,0,0.0
STATE,,Sticky CTA Engagement,1,5,274,44,0,0.16058394160583941
STATE,,Sticky CTA Engagement,5,15,230,108,0,0.46956521739130436
STATE,,Sticky CTA Engagement,15,30,122,49,0,0.4016393442622951
STATE,,Sticky CTA Engagement,30,60,73,25,0,0.3424657534246575
STATE,,Sticky CTA Engagement,60,120,48,17,25,0.3541666666666667
STATE,,Sticky CTA Engagement,120,300,6,2,1,0.3333333333333333
STATE,,Sticky CTA Engagement,300,600,3,1,0,0.3333333333333333
STATE,,Sticky CTA Engagement,600,1800,2,1,0,0.5
STATE,,Sticky CTA Engagement,1800,3600,1,0,0,0.0
STATE,,Sticky CTA Engagement,3600,21600,1,0,0,0.0
STATE,,Sticky CTA Engagement,21600,86400,1,0,0,0.0
STATE,,Sticky CTA Engagement,86400,259200,1,0,0,0.0
STATE,,Sticky CTA Engagement,259200,604800,1,0,0,0.0
STATE,,Sticky CTA Engagement,604800,1209600,1,0,0,0.0
STATE,,Sticky CTA Engagement,1209600,2592000,1,0,1,0.0
STATE,,Top Navigation,0,1,290,0,0,0.0
STATE,,Top Navigation,1,5,290,29,0,0.1
STATE,,Top Navigation,5,15,261,105,0,0.40229885057471265
STATE,,Top Navigation,15,30,156,67,0,0.42948717948717946
STATE,,Top Navigation,30,60,89,33,0,0.3707865168539326
STATE,,Top Navigation,60,120,56,27,11,0.48214285714285715
STATE,,Top Navigation,120,300,18,8,0,0.4444444444444444
STATE,,Top Navigation,300,600,10,1,0,0.1
STATE,,Top Navigation,600,1800,9,4,0,0.4444444444444444
STATE,,Top Navigation,1800,3600,5,0,0,0.0
STATE,,Top Navigation,3600,21600,5,0,0,0.0
STATE,,Top Navigation,21600,86400,5,0,0,0.0
STATE,,Top Navigation,86400,259200,5,0,0,0.0
STATE,,Top Navigation,259200,604800,5,0,0,0.0
STATE,,Top Navigation,604800,1209600,5,0,1,0.0
STATE,,Top Navigation,1209600,2592000,4,0,4,0.0
STATE,,listing,0,1,10857,0,0,0.0
STATE,,listing,1,5,10857,1,0,9.210647508519849e-05
STATE,,listing,5,15,10856,3,0,0.0002763448784082535
STATE,,listing,15,30,10853,0,0,0.0
STATE,,listing,30,60,10853,0,0,0.0
STATE,,listing,60,120,10853,1,0,9.214042200313278e-05
STATE,,listing,120,300,10852,4,0,0.00036859565057132326
STATE,,listing,300,600,10848,11,0,0.0010140117994100295
STATE,,listing,600,1800,10837,13,0,0.00119959398357479
STATE,,listing,1800,3600,10824,18,0,0.0016629711751662971
STATE,,listing,3600,21600,10806,54,0,0.004997223764575236
STATE,,listing,21600,86400,10752,26,0,0.002418154761904762
STATE,,listing,86400,259200,10726,45,0,0.0041954130151034864
STATE,,listing,259200,604800,10681,60,0,0.0056174515494803855
STATE,,listing,604800,1209600,10621,72,0,0.006779022690895396
STATE,,listing,1209600,2592000,10549,106,10443,0.010048345814769172
STAGE,AIP,,0,1,10777,0,0,0.0
STAGE,AIP,,1,5,10777,1,0,9.279020135473695e-05
STAGE,AIP,,5,15,10776,3,0,0.00027839643652561246
STAGE,AIP,,15,30,10773,0,0,0.0
STAGE,AIP,,30,60,10773,0,0,0.0
STAGE,AIP,,60,120,10773,1,0,9.2824654228163e-05
STAGE,AIP,,120,300,10772,6,0,0.0005569996286669142
STAGE,AIP,,300,600,10766,12,0,0.001114620100315809
STAGE,AIP,,600,1800,10754,11,0,0.0010228752092244747
STAGE,AIP,,1800,3600,10743,18,0,0.0016755096341803965
STAGE,AIP,,3600,21600,10725,51,0,0.004755244755244755
STAGE,AIP,,21600,86400,10674,26,0,0.0024358253700580853
STAGE,AIP,,86400,259200,10648,46,0,0.004320060105184072
STAGE,AIP,,259200,604800,10602,61,0,0.005753631390303716
STAGE,AIP,,604800,1209600,10541,71,0,0.0067356038326534485
STAGE,AIP,,1209600,2592000,10470,108,10362,0.010315186246418338
STAGE,Acquisition,,0,1,44120,0,0,0.0
STAGE,Acquisition,,1,5,44120,2384,0,0.05403445149592022
STAGE,Acquisition,,5,15,41736,3397,0,0.0813925627755415
STAGE,Acquisition,,15,30,38339,859,0,0.02240538355199666
STAGE,Acquisition,,30,60,37480,11193,0,0.2986392742796158
STAGE,Acquisition,,60,120,26287,17874,2598,0.6799558717236657
STAGE,Acquisition,,120,300,5815,4713,4,0.8104901117798796
STAGE,Acquisition,,300,600,1098,682,3,0.6211293260473588
STAGE,Acquisition,,600,1800,413,311,1,0.7530266343825666
STAGE,Acquisition,,1800,3600,101,10,0,0.09900990099009901
STAGE,Acquisition,,3600,21600,91,5,0,0.054945054945054944
STAGE,Acquisition,,21600,86400,86,3,3,0.03488372093023256
STAGE,Acquisition,,86400,259200,80,6,2,0.075
STAGE,Acquisition,,259200,604800,72,5,5,0.06944444444444445
STAGE,Acquisition,,604800,1209600,62,0,5,0.0
STAGE,Acquisition,,1209600,2592000,57,6,50,0.10526315789473684
STAGE,Awareness,,0,1,2933,0,0,0.0
STAGE,Awareness,,1,5,2933,701,0,0.23900443232185475
STAGE,Awareness,,5,15,2232,1004,0,0.449820788530466
STAGE,Awareness,,15,30,1228,499,0,0.40635179153094464
STAGE,Awareness,,30,60,729,202,0,0.27709190672153633
STAGE,Awareness,,60,120,527,140,135,0.2656546489563567
STAGE,Awareness,,120,300,252,61,25,0.24206349206349206
STAGE,Awareness,,300,600,166,22,8,0.13253012048192772
STAGE,Awareness,,600,1800,136,27,6,0.19852941176470587
STAGE,Awareness,,1800,3600,103,1,0,0.009708737864077669
STAGE,Awareness,,3600,21600,102,9,0,0.08823529411764706
STAGE,Awareness,,21600,86400,93,5,1,0.053763440860215055
STAGE,Awareness,,86400,259200,87,6,5,0.06896551724137931
STAGE,Awareness,,259200,604800,76,6,5,0.07894736842105263
STAGE,Awareness,,604800,1209600,65,2,5,0.03076923076923077
STAGE,Awareness,,1209600,2592000,58,4,54,0.06896551724137931
STAGE,Consideration,,0,1,32306,0,0,0.0
STAGE,Consideration,,1,5,32306,10697,0,0.3311149631647372
STAGE,Consideration,,5,15,21609,8818,0,0.4080707112777084
STAGE,Consideration,,15,30,12791,2637,0,0.20616058165897896
STAGE,Consideration,,30,60,10154,1355,0,0.13344494780382116
STAGE,Consideration,,60,120,8799,2113,4308,0.24014092510512558
STAGE,Consideration,,120,300,2378,1588,10,0.6677880571909167
STAGE,Consideration,,300,600,780,441,5,0.5653846153846154
STAGE,Consideration,,600,1800,334,259,1,0.7754491017964071
STAGE,Consideration,,1800,3600,74,13,0,0.17567567567567569
STAGE,Consideration,,3600,21600,61,4,0,0.06557377049180328
STAGE,Consideration,,21600,86400,57,3,0,0.05263157894736842
STAGE,Consideration,,86400,259200,54,3,2,0.05555555555555555
STAGE,Consideration,,259200,604800,49,2,2,0.04081632653061224
STAGE,Consideration,,604800,1209600,45,2,2,0.044444444444444446
STAGE,Consideration,,1209600,2592000,41,0,41,0.0
STAGE,Credit Decision,,0,1,80185,0,1,0.0
STAGE,Credit Decision,,1,5,80184,2144,1,0.02673850144667265
STAGE,Credit Decision,,5,15,78039,13621,3,0.1745409346608747
STAGE,Credit Decision,,15,30,64415,12461,1,0.19344873088566328
STAGE,Credit Decision,,30,60,51953,13485,2,0.25956152676457567
STAGE,Credit Decision,,60,120,38466,13794,18900,0.3586024021213539
STAGE,Credit Decision,,120,300,5772,3446,3,0.5970200970200971
STAGE,Credit Decision,,300,600,2323,1088,3,0.4683598794662075
STAGE,Credit Decision,,600,1800,1232,838,1,0.6801948051948052
STAGE,Credit Decision,,1800,3600,393,34,0,0.08651399491094147
STAGE,Credit Decision,,3600,21600,359,10,1,0.027855153203342618
STAGE,Credit Decision,,21600,86400,348,9,7,0.02586206896551724
STAGE,Credit Decision,,86400,259200,332,7,12,0.02108433734939759
STAGE,Credit Decision,,259200,604800,313,8,12,0.025559105431309903
STAGE,Credit Decision,,604800,1209600,293,13,27,0.04436860068259386
STAGE,Credit Decision,,1209600,2592000,253,7,246,0.02766798418972332
STAGE,Disbursed,,0,1,508,0,0,0.0
STAGE,Disbursed,,1,5,508,0,0,0.0
STAGE,Disbursed,,5,15,508,0,0,0.0
STAGE,Disbursed,,15,30,508,0,0,0.0
STAGE,Disbursed,,30,60,508,0,0,0.0
STAGE,Disbursed,,60,120,508,0,0,0.0
STAGE,Disbursed,,120,300,508,5,0,0.00984251968503937
STAGE,Disbursed,,300,600,503,4,0,0.007952286282306162
STAGE,Disbursed,,600,1800,499,10,0,0.02004008016032064
STAGE,Disbursed,,1800,3600,489,12,0,0.024539877300613498
STAGE,Disbursed,,3600,21600,477,24,0,0.050314465408805034
STAGE,Disbursed,,21600,86400,453,6,0,0.013245033112582781
STAGE,Disbursed,,86400,259200,447,20,0,0.0447427293064877
STAGE,Disbursed,,259200,604800,427,13,0,0.03044496487119438
STAGE,Disbursed,,604800,1209600,414,16,0,0.03864734299516908
STAGE,Disbursed,,1209600,2592000,398,14,384,0.035175879396984924
STAGE,Inprogress,,0,1,4292,0,0,0.0
STAGE,Inprogress,,1,5,4292,0,0,0.0
STAGE,Inprogress,,5,15,4292,0,0,0.0
STAGE,Inprogress,,15,30,4292,0,0,0.0
STAGE,Inprogress,,30,60,4292,0,0,0.0
STAGE,Inprogress,,60,120,4292,0,0,0.0
STAGE,Inprogress,,120,300,4292,0,0,0.0
STAGE,Inprogress,,300,600,4292,3,0,0.0006989748369058714
STAGE,Inprogress,,600,1800,4289,3,0,0.0006994637444625787
STAGE,Inprogress,,1800,3600,4286,2,0,0.0004666355576294914
STAGE,Inprogress,,3600,21600,4284,25,0,0.005835667600373483
STAGE,Inprogress,,21600,86400,4259,6,0,0.001408781404085466
STAGE,Inprogress,,86400,259200,4253,8,0,0.0018810251587114979
STAGE,Inprogress,,259200,604800,4245,14,0,0.003297997644287397
STAGE,Inprogress,,604800,1209600,4231,15,0,0.003545261167572678
STAGE,Inprogress,,1209600,2592000,4216,29,4187,0.006878557874762809
STAGE,Onboarding,,0,1,102967,0,0,0.0
STAGE,Onboarding,,1,5,102967,19272,1,0.18716676216651937
STAGE,Onboarding,,5,15,83694,54188,2,0.647453819867613
STAGE,Onboarding,,15,30,29504,10179,2,0.3450040672451193
STAGE,Onboarding,,30,60,19323,5031,0,0.2603632976245924
STAGE,Onboarding,,60,120,14292,6477,5106,0.4531905961376994
STAGE,Onboarding,,120,300,2709,1341,3,0.4950166112956811
STAGE,Onboarding,,300,600,1365,419,0,0.306959706959707
STAGE,Onboarding,,600,1800,946,389,1,0.41120507399577166
STAGE,Onboarding,,1800,3600,556,31,0,0.05575539568345324
STAGE,Onboarding,,3600,21600,525,53,4,0.10095238095238095
STAGE,Onboarding,,21600,86400,468,37,7,0.07905982905982906
STAGE,Onboarding,,86400,259200,424,36,17,0.08490566037735849
STAGE,Onboarding,,259200,604800,371,30,21,0.08086253369272237
STAGE,Onboarding,,604800,1209600,320,18,36,0.05625
STAGE,Onboarding,,1209600,2592000,266,25,228,0.09398496240601503
STAGE,Servicing,,0,1,954,0,0,0.0
STAGE,Servicing,,1,5,954,330,0,0.34591194968553457
STAGE,Servicing,,5,15,624,316,0,0.5064102564102564
STAGE,Servicing,,15,30,308,120,0,0.38961038961038963
STAGE,Servicing,,30,60,188,68,0,0.3617021276595745
STAGE,Servicing,,60,120,120,29,28,0.24166666666666667
STAGE,Servicing,,120,300,63,19,0,0.30158730158730157
STAGE,Servicing,,300,600,44,6,0,0.13636363636363635
STAGE,Servicing,,600,1800,38,4,1,0.10526315789473684
STAGE,Servicing,,1800,3600,33,0,0,0.0
STAGE,Servicing,,3600,21600,33,2,1,0.06060606060606061
STAGE,Servicing,,21600,86400,30,3,0,0.1
STAGE,Servicing,,86400,259200,27,1,1,0.037037037037037035
STAGE,Servicing,,259200,604800,25,1,2,0.04
STAGE,Servicing,,604800,1209600,22,4,3,0.18181818181818182
STAGE,Servicing,,1209600,2592000,15,0,15,0.0
STAGE,Tech / Tracking,,0,1,2111,0,0,0.0
STAGE,Tech / Tracking,,1,5,2111,322,0,0.15253434391283752
STAGE,Tech / Tracking,,5,15,1789,344,0,0.19228619340413639
STAGE,Tech / Tracking,,15,30,1445,187,0,0.12941176470588237
STAGE,Tech / Tracking,,30,60,1258,268,0,0.21303656597774245
STAGE,Tech / Tracking,,60,120,990,494,289,0.498989898989899
STAGE,Tech / Tracking,,120,300,207,114,1,0.5507246376811594
STAGE,Tech / Tracking,,300,600,92,32,0,0.34782608695652173
STAGE,Tech / Tracking,,600,1800,60,23,0,0.38333333333333336
STAGE,Tech / Tracking,,1800,3600,37,4,0,0.10810810810810811
STAGE,Tech / Tracking,,3600,21600,33,1,0,0.030303030303030304
STAGE,Tech / Tracking,,21600,86400,32,1,0,0.03125
STAGE,Tech / Tracking,,86400,259200,31,1,1,0.03225806451612903
STAGE,Tech / Tracking,,259200,604800,29,1,0,0.034482758620689655
STAGE,Tech / Tracking,,604800,1209600,28,1,2,0.03571428571428571
STAGE,Tech / Tracking,,1209600,2592000,25,1,24,0.04
